sol_wallet,eth_wallet,worm_balance,nema_balance
7ykL5JSJELhsGC7n7skdw4xusToNzUm66xPb3roREvVr,0x2ba94779E67B50d08341C29B848eE03C3D843BBA,5076933,4965566
B86mb32mzXqthoYQYwFaDBVXQ6SfHnFWPZDRmkCrWijq,0x1290267e34F574975714C52B6a74657Ee0F5D7EE,7241102,7082262
6RJa7TmJnLrLaHUewN9qZ11LetErwiqKoHVB2HvFVPXY,0xc91f1AFa2a1cba89207DddE08f59AAd67190F48d,6088773,5955210
GpsbpovmhZB9kPeVf12vqs4gsfJ4GQNVUd49o4DiFeNp,0xe0f06f6799c256158098B7585769a716dB5ED01A,4983357,4874043
AMPLgcMsWjYawKqRJzofxERwhw1QGhtbYpKAaynaKfao,0x9576d2958BDDc6b22d80dc738be92DB5133960E2,5234546,5119721
3ASZrd1xDrPUJkzQceWqqePvLe28n2qTZos6mPuXd37g,0x509D82ccdE65edb2c5066260D65182523101dc26,5997196,5865642
67dEWZwwMBEMqXiosybtAaJupRzs7NpDT5vAfHP93f2o,0xad34370A5F7B256F3F401E21484D55214FC241e1,2355191,2303528
8XxMx4SaPMEzy2iTYJWL4kYbi1r3YNzwLWJVgXTS8nH9,0xA91D9c3A558457f418E1828B0bFaA71b6a1a1CDC,893367,873770
B6Pnvz4y9WLMcwB5sQg1VBid6UxBi4S7852GLyryLaNR,0xd6D0224F06C396aaD06C5AF7b832789181158e76,98628,96465
BANYbFgSsKwCouXSVBTXgbUPdrM6WYneBmGA4gKoR5f2,0x40e7398D9d0196eB1d21A656Bf2391a10D6968de,112061,109603
5LmuMUgSatGRhutRm8YZR9Q3p5cf2x48UVmhEnRf2med,0x57c9c6B9CF827f1ec77F60a51304764d6A6b1a86,936791,916242
4L2CXBHmFV2pNfKVJAcVj1kkX9ben6iELQp1qmd5iydH,0x992f12B53f79c69924dbb95c4cdb3357d25A46c2,5857735,5729240
5UWkQufvbKDdnXVJuMEhyAr1fXWZXZzQZEqn5xmoK1kT,0x449714EFc6a913616AcA1dEa390d75a08c057414,500000,489032
GAcUqpJiSKmvRuXhMd9t24G8V3HLzrqCkMXYy4LBZDD1,0x98620abe1B53780C43410cDa2533ffF9CfCED277,462630,452482
4zjwrNc3T2ff3UxEwH5ofpp92fFTecAp6QwWNazRfWXh,0x8ACd25996CC38bBE20Be58f1A9b5F6730A477D71,1229397,1202429
Did1rhwuwsqvBzRRn9nYK1K785NxLsdRs9fG9tPeQtLp,0x3910343744b4ef96B80525a0514bB63041d0eEf0,1269274,1241431
3hyKAcCW6GXyhwDeRAUtSUpzGnupdMQMRNKZexcYpeuo,0x3cA9f00fb38A984Bf131E2C26a35Bf702d5e9084,1439616,1408037
BQe7RrX4KEjzSQWYwtTKfj9CHUzC5if78VWbcT38wKEr,0x3455aC903FfaA6d77B68ccD437374Df5bdAcB0Ba,1000320,978377
EJxbv3aGrLuX733SASSsV9J1LQaCoUmrArXDoF8JAKJc,0x7Aebdc5B5C67D5378658Ee771652e8a1B510C892,2742849,2682682
5woMkh4VAQmCH8PLaHoX3LaLZqJyfHRiqvPsJntxjWhA,0xaBe98c461DA8f3bfA7540C5ED8DbD756e745bDc3,380091,371753
6s3NtoktsnXdFosU7g815zSVuuTrF1yuyZWXvBHaVUtS,0x89636f28a959Fc4012F1649fB48dE7648eDEd9CE,5514997,5394021
F798uRiw4eEZtqMHLDsJho9r7h8nhtmRSAaU64CMf5HV,0x8B1Cb6be9F35D6652CbA5b8565F964833694fa4b,2377850,2325690
672g7HiZ2SnWiHYNr6zQ3HdGmbSjfoKqW5WN7EGKFg1p,0x547835002229ea26C6cf83FD576E1d30263dc5a2,4768180,4663586
BV27FWpAHKBUWmdM9mAoSvHrZaXWeuGRQH6HYJLXHJ7n,0x238aB4261aa2B12D3BF390d97329cE60C952dc0F,1600000,1564903
i96wLgXssQVUAkJt6a5h3woMAn8Cxzak8QGkSYwCaLK,0x58e9c8934B64d6563eC247FC28b54c5834A3aBD3,1138399,1113427
EqSqfQJWc3NfHsyKckq5zPeNdjvKJa7j4KD5MPZiLPU1,0x58e9c8934B64d6563eC247FC28b54c5834A3aBD3,2036630,1991955
87JfN2xKygepXL9hBfDkNNU6Qf6mKEHZkXCvkcQ8bAAY,0xD6753c3c03768556efd438930b4d3d5caE34efe3,777,760
cfVASHV6KeHRX51zUct5MpYXq8m762rUupz18guy6Wv,0x9c14A9B2c6e533043f8D43495253605a6a0E0407,3159353,3090050
97cpcqV1scx5efLVbMegeqHVuGV2auazEgCVmA2fUkcU,0xe305841f7cca289015bc8b4d567180c3c6c9b018,1236936,1209803
4vEiuXYexrQJXZX5PyunAXTgjeVjWNN4WQq6GeSjBn9U,0x365f5ab3745a4d95955c60238ee374c6c77f9da1,180686,176722
2JoCTNssN6d9kAYBNq2kjuaPkzsdJkJZkYxtz6DcGzRQ,0xE45624A492636396623B21eF15f9F8DF590F3945,2878252,2815115
3wLKcVVWCaoZCAPu5ieNhh6yK9QaKPUFkJZR5aXtTWUW,0x723CEb055045433C642AfcC2735e11BC9d9D7E73,1320189,1291229
BXdKt9jczdHkWbUpKQy2V56CjbaoETKSPiPbiNAUQCga,0x0b2b73d015834915202ace0da3c18639924a1a9c,14779,14455
AwsddZTgzeZ27W77WMQ27pTkqkauw9oArW3wzXipzLxk,0x44d57D7A3629bf5fcD353DAb1071E478c13aD6c1,8829,8635
5yCKKDFjHbetXf3Mmv7LDWLhX7qb3dsjUX3bFLp7gAM6,0x2362e874D34d9D8DC21dd2D8d7DfE8ceAbfC8dd3,6059,5926
C26owVQfBmCB6K6kmboW3co6ihRAuSvzwByxkU5HPUVg,0x780ea8da9cfF27094E359F337E226E9521f047dB,309227,302444
BR9SeELkmwJtt3ekia6AsRNwYby5jiRJ4B4dQCvYPhan,0xaa62DA55F4E43b9B6Bb2699f4D6FC0E76419B95e,149063,145793
8fjzShDGy2c5xy7mrZNNAcZTjUm4YCW1kFdtquBXmR27,0xB4a37aa40cac878f3BF81277259471311876d0CD,2500592,2445739
LoYx83q9WCENugNLsJrRdUohEfQYPhMycTKun2x2qzq,0xD546C24Fe3CBf3b52e00AC40641220618FEAb734,42221,41295
2Eb3fDXVLzngh7d71ZHRAkPoYph1SJa1nQrrsANwqV6y,0x87eB3D208Fb8ED6145054094525bdcC2E8109c6B,26134,25561
4GUcN3Ri1JgYK9hzKS4oiLn6ZmJ1Bz9RZQe5Vvv53cH9,0xfed4d54bccf2aa7a7652944cf4a4852e8554c7cd,899069,879347
Dv4i87K8oNaRkv9qaua6oqtAADP2YUQBiRqui6WFxNh4,0x1B7Dcb42D74F7b61993b601Ef2cCA23b2342B51E,330169,322926
FqaAZKNHGQHyCgtXaPeDEAmF1XRVSj7vi9GMEzrEAtTs,0xe564295b0197c6e388644399cdac68d36a53bd49,79577,77831
S5Lsk689gMiBUctAQ5Uqmm2rCYCXWNmofDc9pq88VZN,0x089c0870a1fac6677ec5f68cbebf4975051c8ca5,2951170,2886433
H61ERK1kG93f8KLoCzdjxKgTAnuLwNpWkbCwzkkhsTPf,0xcEa96343AC448194A6c3a8c3474f4C682d9f7cd0,461459,451336
4gMvbuD6UYLMxc2BFbmq8qdnytRZjUqKJgWpstSkQCQg,0x2362e874D34d9D8DC21dd2D8d7DfE8ceAbfC8dd3,4595,4494
EDD8RGqYeTEQhQqtQ99zZcvc7dgorTMtEu9piHM1bzX3,0x6e6ee231986d72c8d95f18e7d2b35c0cd4271621,120622,117976
GLAsMsJ8nm3pkaNqijgPFV4HxWjEFoxmSQfQCET96crE,0x4EC39Cff4A04BBD3b0BD1C800f8e9af62a2fD0fA,965467,944289
96NPNSXeYC1j9YPRLax6iv6Zkw116MWGzVQV86pRgFvY,0x32bb07fb315037d073f0ec5a42a8eb67ff31c35b,571720,559179
6bPPPTndWxTFcw3CKtAgE3TzSAR48ypHYgeyqm2svTEM,0x91C4149712F2b946efc2B6E6a18750490F30d0db,557580,545349
QNE9BKMCoc2k5bQbeR1Cf8HuafEdLYi6GWABkuQWXQ6,0x2362e874D34d9D8DC21dd2D8d7DfE8ceAbfC8dd3,2766,2705
4QzFp4QFD89SuqtiDyyDptPfsmTrUZgtxVyfiD8wEeam,0x2362e874D34d9D8DC21dd2D8d7DfE8ceAbfC8dd3,801,783
GSqF7MMMiDLnLXHXxQMQzDCt8WPqpNkZHLbmnUdJcUbH,0x2362e874D34d9D8DC21dd2D8d7DfE8ceAbfC8dd3,1969,1926
7Y3qThhxqYkvDuc4vswZ8LeUkDiGmJdG1bTqSF4mgwtj,0x6e6ee231986d72c8d95f18e7d2b35c0cd4271621,69912,68378
DfEvdew6RzvfJwHZ1HDQSZyreJXsF5TxRGm4eUCNfXk2,0x64b76f0dccd2afeb8f9cd6a08c053f9730327833,19400,18974
6uHZcib6ngGMqZVkaU8odTweE5a8MD9hfBLs1sFeeBfS,0x244a2d794427796CdBCe705e0a4411a353f1d033,400000,391226
DqKetU1MAtsPba4menV9etaFK4eXy7Q2ArA9W794uYr3,0x6Bc99BAa9500c5833BB37bd7B99c273fa2920d12,935098,914586
GM6ZUa2d4TPnp4nf2buYp7ZRgs8qH6utjW4vsdkrnAiR,0x64b76f0dccd2afeb8f9cd6a08c053f9730327833,250425,244932
D56n1mLt9Nfng8HaCjQei8oK45BwXcADP45UJY4Rj12n,0x343dedb2ada19c75338acf38e44f4fd30da8e233,1660129,1623713
E8TivdJMYphZoyJG9qb6oQWdydatZtM9dDhfbTZWfjpw,0x61f5e87fd8ab830b510845a50afe6ef3224cf740,460000,449909
7kqDWLLNukGM9MRu6A16W4zfcdDTR3RMXqe8fQXqkgqq,0xa6de7300ee51711acf74c3106d22a0a5a814e7db,900000,880258
CxKEtcmGK3B8p6QAaDNeZbb2DpnX1qDQ3TThsCCgSyov,0xaf2f88469abd64bdf52f68eb83a415b352e510fb,800276,782721
7Fi7dMcrH7QEivRe35JscVmydcrcoTfZWnWhnX5MAXfG,0xCF68a7e25387044463eC73a030fA6BEc06dd5B6B,235421,230257
GbDsuYmPwQecRpTBW2QUp9xa9ZSLiPZL8qsTSJW4vSCM,0x669912aAfbc114a0A2A6DC1E16200f1d01e36bB3,53803,52623
DwLBuJTJVK4icMKsciDGhpbtxXLdAYWdLrr9LjVra5jo,0xEB8f9493b68D6B54C8C702e59990608931BD3991,1837946,1797629
83t2UxDF1QaFLP3cmLavFHSHXc1rrAvYTF2dDLukBJm3,0x5691D78d98EA86E8195bb5A1ce7b3Ade88Ef0a0b,459570,449489
A1Vb64QJqfHKZ3JjZGEtorzSvKJz7ND6kRsDNG9B2xJX,0x119aC91Cc5C72798fEE600235c4Cca39E55192D6,2197973,2149758
5Ke3bAMmZc1WRJa7No6QXCdDNHg5uR6fYFyB42Yo9azQ,0x453aa4a03eded94027b75a01284e3cbd2f7c1bee,1604672,1569472
46rpous2y47YJaWpUYS7MPnP7FLa16b6MckZ3DjZPeXL,0x4027dacd8aa2779a6e22ba75ddcc2ca65664e54c,78399,76679
DsaWPARbQvwgpiZc4aAszMt1dXgww4ps3JCzXnCscUnN,0x7267ace8066332e9c2c46d02eabaf7659204e255,47933,46882
EeFnnuBzHPZ2hxViQtWUwEtJeKtiBCNuGFSJNe2qr8FT,0x7fe74910a3251cc3821285374887c3a30b31cc02,70000,68464
GxdSP6WGhnwBMY58Li7FNFuFxXm8jhYfoZRSWJJCGBkR,0x6d69ec3b7c691a918e3b1ef2dcdf4408bbf9b989,15401,15063
4PEMUtf3PW6zNgyNWE3jLBVA5p2ud2kYWQULA1kMPpTe,0x8e6e1b89699efbbcbb56361d56fa5ff829c2cd1d,235330,230168
9bkV1D2k6RUNbuWKTFEZnHoh5i6SyRJMcZQnCy4PJ51n,0xe84fa95e38816244579a2fadacfc693c8a458137,256447,250822
5VGm1r5v4t57FaGeru6jDXysqUN88WHAPq9215PnUmGQ,0x01668851af8478dfd860f615aa7b43d51ee9d99c,1729,1691
BpfzNJEscUvEqiT8Mghhnjs4Jf2o5vdtfwmhggy1TE3X,0x2e95f4985d4fdce5dc02cf380eeda964792cbc0b,3386158,3311880
3jGZuYptU4T2Uqezwf7QPkpzmru3yXs2ZvMqKBjLCQcx,0x4364030e32af39db6ce2bf6de92daaca639fbb5d,3065508,2998263
7r2YBJoRmz4DFtxwsdpK8WQMut1iGdfWwm41FiP2ssb7,0x16c7556a10ddf2afe2c7c8ed35b3dfa9bddfc888,29016,28380
FaJEswXVd3angfeHzqdL97HzxqP6UDzvqUCFQPdVKa6M,0x5bF583Aef6736411E93A670d08D916bC027d2287,667135,652501
CoQt3gYHzpsXMNyH16zH8sq6UAVy4kqyyQU8Q9dQRCb3,0x5bF583Aef6736411E93A670d08D916bC027d2287,39394,38530
5DDr8m951tMkphLpzQTj4bdjo3bgq8xMVWWM5MDAeuJF,0x5bF583Aef6736411E93A670d08D916bC027d2287,1440465,1408867
DwiMq7EKi9H8e8ZcWERSVKVzNYtQ6EU4QNXYj7uPYE2N,0x5bF583Aef6736411E93A670d08D916bC027d2287,11244,10997
DzZe36CfvNXzxg4aFbZBudppnCA3nvSLXaE5X5pV57Se,0x6d994f17C865f81D48B96EE2aa8C30320608f7e1,242940,237611
F5EnGPmeQ2XHCmCxgdrvs6qYfiw6c9oK2Buy7YzQ3T91,0x5bF583Aef6736411E93A670d08D916bC027d2287,36788,35981
GfRShkKnMRaCaUqX9vzgNhvZmBbqAsfsHQivhrQ4kqMm,0xFc85908508aad055BaEA748b3DAdC795591Aa0bF,515985,504666
7K9tX8uDDjDYsWnEModKsQpWFQd937MF15Bs7SMWuEbA,0x78Cd13d5B6c1C5BC28a14913BA0863Aa38620AB6,365896,357870
EQJjpXpgASR6u2itBFReK5HvVc5HhkHWnxTx3dvuJnSA,0x4744A28a941efa316B9BED9894E7e06c58Bcbefc,704867,689405
6nLNbyS9VeYrj5vdnqvbNNgT9PSf1MgnH1oVuiuCGs4A,0xf1Af95C253265d6B6378340674127AA808Ed2215,136385,133393
2tPN9KZf7JZW11BFC34aP3vrgn4YXdgfAjePL6EBUePg,0x496Ff5B6819Aea3C831aC177596a6D2Db47a671F,723533,707662
DWdGTWJv9kY4RzcXKbqhfQpYp9rpX1zfLFLgRPdKSF31,0xe0B03e87830219Ea34C543ca933EDdA883011b49,1716838,1679178
38M8TgeyMgWCGTRDWTnutp6AYvHpjxjzFGnFT3N2xyeB,0xC45D2aedb2fce5d76658d54B9C8C988f88c7c504,725046,709141
9kxn9sRDEcNpRZoFpAgPYobg1VDm9KF6qqzPD8hgKC2u,0xbce40d6e47a181f0b5f79092e6cf77999f2ad036,15404,15066
9LkCJogyhNy57u8fCSC8ERFM3eeKnyntJz2dwLZnNV1Y,0xbce40d6e47a181f0b5f79092e6cf77999f2ad036,28256,27636
HuSKtg82FNSoyTPF7YcTTiz2th6wMoSSwkvBSGCWwCe5,0xbce40d6e47a181f0b5f79092e6cf77999f2ad036,7367,7205
3rfBbfZgmg22cWts3CCjsZbFyjhGRrJ7bfX7Q5kZx2NP,0xbce40d6e47a181f0b5f79092e6cf77999f2ad036,22933,22430
FnAQxB7aTUBFVyjpQ69Jw554wFQcy66mqVef9YgBW2T8,0xbce40d6e47a181f0b5f79092e6cf77999f2ad036,85777,83895
f8cHrY62vEQkfA3TkJu7fntUCFvp7ZaHvELsSP4wwE2,0xbF6234990BfC9fc5eB41129B69B49bf95463C034,481380,470820
Ge5D1tW8VQXxm5vVJuRzwuoasrkf9ohRuXU7Nk9d1P3q,0x64b76f0dccd2afeb8f9cd6a08c053f9730327833,1300000,1271483
8yeTLjh5jkaR6t8d9K8bDQEBp1JLWUgWTYtqzHbgZDzB,0xFec3Ce686a5eeF236651173d8239137A6c39c5df,58486,57203
GPMfdsyytPdDsQb3tVNp5kz5669KY3xVedGrdos9wRwL,0xcF3cF5Db04e0A1C78CaCFe1065Cc9da88d2aa859,102092,99853
4ijF5a25ET676LQLD6P63Xyjv5veEYr3UgczVDZTsjPF,0xb9fefe9c94e896fd307bc7bebd159f63854298ef,74614,72977
FqXsj9gFcta5mJt94XFAzBQz23FiUghsj78isrAeuYJa,0x204641F21bBa03194F702562870dd56962eFF3D6,8230,8049
CGcge8JoLxZzzWs9NeyYHCnDPs8R9yK9V4bfUoLJXWMn,0x8d0D5583B79b314Bad8239A08B939752C2c29e5f,8696,8505
BEYCuGCMtvJhsydxHD7kNqrSdnea8k2kJ121zaTuqEAF,0x5e34ABE696fb6325E43e3494a50491931c3C0Aa1,4201207,4109050
FkMWqrRpB8BEBTXQptciMRA2EfWBBCjk7EE4G6swzujk,0x1bebca8ed18941719572be84eb5c8161594fbff8,5735,5609
A5M4BpoYsCC75pfZXAWvjJWzoRY3eJ64fQ1YeNmSLsCr,0x5445962f04777b8737d0b92182bda381ecf5646a,14335,14021
AmMUoTnqcGtYvtzFWRjSu4PeyxKmZEWhXNXpBAvAeGFN,0x2DB7d887e17507A5e25e2F05dA6DecfaCedD7389,10171,9948
xGqB9R1ErXbF85YMZMjDKUvHSfA1pT2Zsc5vUwt7ps1,0x2DB7d887e17507A5e25e2F05dA6DecfaCedD7389,5535,5414
AgTjgfyoCESHciyha7h7kLYNGRPnCSGXx8TV3U5Pvw41,0x2DB7d887e17507A5e25e2F05dA6DecfaCedD7389,6282,6144
EKoojzEebVpcwzhKwL8nN5CR3EKmHjuEjSLHrL1mQaJC,0x594a4591dee2d888a13293ef26d286742c7351f2,100101,97905
C5GJyYh2JiGD1esVAwAuvkgFd5p9oPqC21p9afHZ5Dqc,0xaf57f57c23a665b2df67b7a8e3959b110a537f2e,89158,87202
Djd1huiyhSWxL7bfKDtehaQ1a2cj5pQ9Xg3zdcjJ68H2,0x15edc722293e19dae7615f95e92b850f78e72622,99938,97746
82gpvshu3gAQGsR5KLXRLAPKjbCsRAgBjKsvifdAxh8Z,0x15edc722293e19dae7615f95e92b850f78e72622,24727,24185
Eytn1rDvMcLizd52JqQZUyrWPzRHsrMkr1hpu8gkNbiH,0xb83a8564a895e2ba3BEA1b124b48a7792a9Bf5aF,7831,7659
3LqB1AyzZGANmRX8XMhzG545D4wVwvp1CVKbLPJWpWNE,0xD1FfA4A97B7d159964D3BB1Efd9E61166f0662B2,55618,54398
7Ay8YCwS4cZeyAYAcUjszTVkjcaDHPpZyTdMqiLB9euX,0x99716276Fc98D2A58183c96cf8D87ebF84120dD5,139530,136469
Ak9avf6VDezSyFqZPbFyf1x4NoLbRQ52qoPXcRZdXvHZ,0xe2d5b174ca148cd48b7d9a1af11436c02d0efc52,373655,365459
3w9PPkn66Kdyqr5CFeBb3GEztqNn9DWxEfgcJmNiSJR1,0x487509b82131c74c63f35b064d2803f40aa99c8f,68248,66751
9yXesHQQstogzzi4BFQNLFEL6RB91JDRWZW7WvkPyMPb,0x2b6722ae9047f4de6e20aa2651c66d8221b87ed1,31869,31170
2nC8AWSmm8AZB3PZij9xKWydtQ1azW6P5aiLrgC64geB,0x36a9f136d16cf21d5dfff5ec2cb535a498a3ddec,44971,43985
D3nHM9Dx824rUphRXbauXhykzQY5UX3LfGi51NxWvX9J,0x05d00af4c2838eda243ccf3020519d72f5cb7f36,12775,12495
APKdaRYyyM3cqVpDgHx2TtP5d6Tu7Wg1V6kNc98WvK4X,0x27374d1Ad471879f9aF94B0120aa04BD875F3B88,229329,224298
DBCmCGcC9ws7S35QiRTmTrfQ83YLdzoRWiYRUtRqopzR,0x27374d1Ad471879f9aF94B0120aa04BD875F3B88,204910,200415
CVoeqq3yim3dc9fPjq3tRNiaDaUbV1hH9qPkfkTt5BeD,0x044cd2901fa9965fD59C1F54dC5dC895E3E91e84,106318,103986
6PvXffvHQfsmmNtc6bJtgG85umra2McLmtCKmnCgnhHN,0xD51381206bc76BD0928F6Eeaad8477A8c569d93A,54212,53023
3adXoaUY5x9QyUDQ63WPPmS3ihX7NGPfSVKbLLKBBGQN,0x7BAd76470eABCE53d19f7B7dcDBEFD0178BE343e,1030200,1007602
44auYtUSUaGLXgRw6vTEMEB8xDxx97LFDQsSYrZ16saA,0x8f40068087524aE51549D00130eFb39E90eE20F3,602032,588826
8Y3w1ByfMfYXHQesaRXqW63ySfTr1JAhMHyKo4zGgtwM,0xfCf17359853F651355ea6D0d8EE2eb006f2e6210,182842,178831
81hJmuKMt5ApnHo6YDUzUhY7kjE7JaL2xf36pEm5zJxF,0x64b76f0dccd2afeb8f9cd6a08c053f9730327833,38351,37510
7ujGkETAU5jJ2kqwWsGUZ71oy3PWH55pofuyi2Qpkspe,0x0CC94dBADaF555aD589d3135874F87E8FD068dF6,67645,66161
3TQz6Av2xVu7wtiQEkaq3T66y91ayFco1wsZwRWokr9f,0x2432beFA95D7fDc14c6c19EA930BEB288385b752,10203,9979
8Pv2p5nXEfFjrNwKU9BZmBFzCsPVaJv9KVqozRDPk9ea,0x5D3E03eC2b69bB9ebB144Dd3565e2E136C3Ef033,79735,77986
6fM28icGbC66rx2XAzHvBC8xmGERfjb5rsNuy3hqd4gN,0x2120e6d5815B08E9161F8e55CbF049fa870A3842,47522,46480
F5zhgAxLqXsREFB83PFGeenSReuae7tXYkQGaUGK3WMW,0x590715f701988db470fea16279295d32d7ce9cb6,105114,102808
AWS1PRuJKtKj2dAUFK3GS7WSXuHfpUwXqh4pwk61nebE,0x590715f701988db470fea16279295d32d7ce9cb6,411086,402068
vzt9mhUcQmarAEePbmW5m3cg7PVBXCAdh8yKGjV4K9G,0x970892Cd776985dD2e7060fB979B360B3Aae13c6,9887,9670
DSZXb4gLRBZpmdLTE2CUxXxTQrFEs1aVr8HvNgfNYHjj,0xE7EC52594414e6C85c8aDC965EdC7Bf13563f119,13897,13592
7Am3wFiYqkLLWAzvkS9ZBLWSVyqxmUwJo1ZSQ7xEek4k,0x5a8f2e162830f5CE13d0846643D6c5527d0dD38B,375113,366885
1Z3qZWqy7VMBu75btsxWmFEyZx5YJ7mncW2aPHTUYdv,0x307388a2fc4989cE74C3145FDC76b04F41ca09e3,5542,5420
Ex13EkncVaKjfvPbREDcpoKQpGYjYXHUnGRdZBp72u1z,0x590715f701988db470fea16279295d32d7ce9cb6,116589,114032
3Q1sWUbM7YYt9hhtUR2rLt8HeKScfMPmBiKN5MvCf2Ym,0x590715f701988db470fea16279295d32d7ce9cb6,146272,143063
4drqUzmHoo3TdwiKPUVdcPTvMWgco54zcgamUnhCUkUL,0x590715f701988db470fea16279295d32d7ce9cb6,741055,724799
6EM552qF3qzyPM3Jd2n9KPySB569HfbxsF9nMHYQeRYg,0x9c77943e25b5bd9bb6792105e2b666d82cb52896,46119,45107
3yZ91uMNjRnL5FiFtPTHTLZk6cgavgnwU9PUdLMXSA43,0x9c77943e25b5bd9bb6792105e2b666d82cb52896,200000,195613
81q1CEpYBWctxmNfYTdfNvCSN8Sm6ELRDkHswZpAjxBy,0x45129a67990b967e0fad925a492507b6b14999a7,36935,36125
EbuSC35Ui6L9Nsw8b814ZTqJekAS38nJfSVkn38pDZtV,0x78794eeBDd7D1954665a7499a44142008C0192c2,152053,148718
7pkTzKFFjfHSVgjNSvqfXebJhms2RE2s4zenT2hGXMS7,0x658B2BAcB9EcF0cF14CC85FBf2278D39Be3657CE,1925,1883
hy924vymKMAF3jxkZf4F2syMo1mMCDNYwVpfFLQQTkL,0x991A1Bf10aF3AeD0aF1Ef1F6a26f86ebD1968e4e,2408329,2355500
FV6AnnWoHDfT87FrRPvrLpbxH7rT8tkzfQmbwBYfxWFF,0x6D8ed652fBd0B2B32a42e5F88E78cA261e8B3e68,3009541,2943524
7BQUgPWUwcwXoEjkHcbT5is27x9Gxb9C8FBNmUaGGVoY,0x6Bd595AAA2550aaA58424915763f2Ebcbf1284F4,4964445,4855545
BZsY4sFqBgSb1EEJUpg1XcxEDo2oEvGHmkKyzVUr6bVW,0x19fB9dF7cdb9D2547798c3472D445c1eB8EBB5Bd,3996306,3908643
AZ2y5AWx2cNWcgsEKu2bZ8Rm9TxDQ3692LZa5a4gxguz,0x027Cc12c40c3Cb9C50ef5Ab420429d81feA03a7f,123456,120748
DVXRptbViWqLx3PsZxi1c4CQatHx6bDV7qEZmj6zcfpQ,0x47a4abe481b069c513428fbd347a78b9b58a6d3b,114182,111677
CMY8GehwkR8G6VKLAkbiEuxBfE7e96xag84Rw1N7B6xj,0x864b18b95556541c7af56ba9f42d9d6b57a059cc,115000,112477
AZHs96Spxi5um3sTCpM5QPvMibmMUk5ftpsuvAe3xVDR,0xC76D510Cf5d486FC2F4739e53cDa845Ea8633681,666008,651399
9zpNWqgAYDoQRf8aDwhCbpYgrWkMdyXgRwf8yEaJHW7q,0x00149443a521C62AF61CDC19c1BaAd8e6c9Ba10c,500000,489032
5eS8RWweti3yy3Q3hsLWgsQwptC55wkDWocaReWn3BT2,0x1402c412dB40f114e1fE9a4951231D044B9C9eFb,315572,308650
8JppwuECBvVW1APrMPJXSsavjkPfvtyo3rLsYzcaJBPu,0x695dfbb92adc643e55d17bc32fade0e385f722ca,50908,49791
CTKhws8pktAHjSwQQHCVmB56enUe3yyz1EnnvbmEL87s,0x49B94328630b80DEEa5357BE948B38C27dbaca80,98535,96374
5KJGPWk1yWSZc6b3BRnC6oVkvTGYWkgn5oQmYo3r3Wid,0x83893c8d6a30d954b464feacC3E9cb93A9755aE2,6426,6285
FoTbuKAX69pbimQ3SpqQHyotRukfWqthAikbn8nJrAU9,0x4Df5AA460598FC0Ef8E1646d22B5a940E1E2d44E,101035,98819
36bHMXLQcrT1g6VSVmB44ydDjqTyNSWo4BKxKXvj9EbP,0xb8dcdd844beccda0ccd902f20acffefaee785e16,24496,23959
6D7aEW7ToApChZEGgeRqwBFCkU1H7S1D8QHZYanpfPda,0x4A0c022536FFf43C4bE7eb4f8723a64c62526b09,818842,800880
GL1e3zXq5qdr24hGuPFVc1Zj4xbUHH9iQ2i4qee9RsAq,0x2daF9f3fCCa6f51ECDc6F5bE43D71db0FB367C7B,27451,26849
7Cas5EnvSp6U1wNgD5WjU6qBPBrbhZoWjVPXn6YQecN1,0x07FeECeb2b53Dd4FDB7572e8C8D321e9443762d2,5069241,4958043
HwVZqpQ1NHVSfDZrKseZqL9D8sYQCSuaCWuiZiGLAVAY,0x7C64855812366f753dD08Dca5487D5EC3aa4c28E,946962,926190
CPvPizGcLPQ3f3tY4WtgCYZUpLwmzuhAuL79ofhxJGtg,0xCd2cab465BC86FFB29f93D4088Ea566C731fEB71,1704097,1666716
25bnR1598d9JaDpGt7vb1VC9jbfhxybQWobRG2MTUdAs,0xCd2cab465BC86FFB29f93D4088Ea566C731fEB71,606668,593360
9sN8qFi13W3HsfihLgK8TEnZhiiuqJdYMReWtdKHeQsj,0xb01563b292657d3baa82a2d62efa7679765cb718,3991,3903
5YrkYVZ24kYYFSCPV7qmxGf4thcav1N9n5BL6b8tNwuJ,0x1245e97BA42027a29DbA3f14DD53d63E95f0BB8D,3717394,3635850
Bd6MmcqARpE31sB9c4SB9aVEwkqezGrxCp1rncyQbbM7,0x1245e97BA42027a29DbA3f14DD53d63E95f0BB8D,128214,125402
7GBD3t2xWGbu9xhQP9r81EEbwhFvSp3Si4ki4gi7Sss6,0x0168863e0c4520a2406f8900ad13cc6c049c4526,5928273,5798231
7jNj82KrWjk3zhcQuWdKKS8izS4XVGdser6CJ9VQSvYJ,0xbb257625458a12374daf2ad0c91d5a215732f206,3852008,3767511
EB3snoEdQQ4cu8bRvvCfXoQFMPgQnf2Bie7pS5zz1L88,0xbe4b8a24abcd9415de2d29ebdf0779c7ce372200,1028446,1005886
EbC4cq7rHCTff9MVq1rkSLebhjrvcbYbRDybvQ66n6RL,0xd6c1bb34f7fec860f297afd9705e536a76c31ddd,800922,783353
2b71cW2BRsbzwEw9QT1A5pEqUiArhX5xb8bx3JWTqPy8,0xaecc08e63a02932bb7063936360fecb404d08623,454995,445014
BLHEFMbHmY9S1DoQGWo6oe3XGTgUf96HrdisZ1s8BiQD,0xdd0d6fD6ADecBe105780D2a4F2Dac074040B2025,10437226,10208276
F1gqM1gaX679vcpUCT9MTS5SWg75JJ21thrhHDPAJQLg,0x2a835CA18E32946Ba82432D1097316cAE2315a6f,1173748,1148001
FXJPkytQmpHHnMWhSsXPi4xY33ZpAFeEBHo1xMq6RdLW,0x1523fb1e99EED9fB436aE5f1be269e13503f2F42,1638908,1602957
HaymZBp68o7t13cm8tj5bbBUHpRCRGocgKna1tpKkyEc,0x7e0Ae2E90917Fa2F2f71aBD601814634B62D7299,228026,223024
7C45gZGWK5dt8C72C9RyPLrYQWnppvCWncaqjwZcjFeL,0x036b9367eF694bf2AF5728Bec9022F3b0507ef63,577,564
A2KLKJoQ2PwYyP3NQFTjH98EX2oHUdCZdXjVJVSMhmUU,0x7536BB8c580fD33d8ca9F32dBc5c52a9D055CE3a,190422,186245
AoNZ7fc2NqrKCsTLHFhaY4s2wSpiiRRdrsBoRUCdKtgF,0x395323F0db88CF0C621f89bd89dEFEE8cA088892,56156,54924
G9xHwY87REM2dAStAikfRa55PWZdC4JRRCA42oQ6j2to,0x75aCBfAE704C6E2d6C616379Bb3681393c60B90c,471148,460813
5cH8qqUxEDM93TkyB4MTrnr4ZHVd6RA99MW6tHyfHYhH,0xb426A728b58ed070F353f6B498cf6d2922867F5D,553201,541066
7e46ck3yP8wcFNFsTqpGFAZogurmBrWAE225tHBmYKow,0xA6b0F538f784f396DE0515FF4864526593777FE0,28616,27988
4TxTsed2Qq4HRrBNFgYFiRw2GH8NbX3er1X94FCEV64Q,0x8Ead24D4836e773C1d9d455ee5Ec46c9c3cBa74a,501570,490568
9BfqKraENX95B3HaiKVK6r4ui1dNisybwEWsvNbpFMQf,0xd603f83D5B5f1A7937F2279208ba028a07BeE051,8369245,8185658
7HAboBPH5boxQRAjKQoakjAbaJRnzhL6cYdcex32SQUW,0x2091acB640231D4327731583BAa5399b259f79a9,601608,588411
4uyw3d4tV3UYHgA321kCz8iWkMxke592Bf1maXj6FuAi,0x5d76151c0207D4eae8FeFdee6dDb3ED1d9E675FD,531824,520158
E9LUDAYPEeKEgbMCmDDsApoMhEApqZq5zc9hkHESsiHR,0xd5b2A4d7251ee721fe79ECE8Fdc57ab9783943fB,101514,99287
HJLg54qSL1nU4ikiiD6BahMSZqk4Y2oJNk2E1YLLmW51,0xF069a1d8862B5eCd15300dA1b9592Fd40800737A,1385250,1354863
DYnwXz3omLMktBjV2krHod2eDGfYrFjaaXX9i6ys8s6b,0xF606c1e43b09776852D524D421F865F4044AaBa7,1000000,978064
94yppgknhDoA6WMZtMLgqCjfV3WtjNNHoD2nageMQQ1a,0x94bacd5724d48F642798794B500bae5a71205E68,40183,39302
GTig1fZBYumaE6ETcfG6WAJYuyDxcV5HEcMjMNqwcehU,0x66390c8d01394061380471b6508919cc64abc85d,67917,66427
5YQ4zVhD641NbPR83UCjTXDQpP18AU5Sn2KVEa5kPsxz,0x71c9eb1413b4092f325830a8e3c54bd3a8970c45,209787,205185
39uvL1Z1LJYyZneXoHsVBoy499c8Ze9P1NcRLS53aBuD,0x71c9eb1413b4092f325830a8e3c54bd3a8970c45,155334,151927
Bzyp34TjRiAxQHtwhWfrDxY8vRzsXP2HmJDD9EHvjftS,0x71c9eb1413b4092f325830a8e3c54bd3a8970c45,52322,51174
5Dcmg75P7rcXjH71qYfFc7GtJP8QDf6uvEk2SoPhM4YK,0x71c9eb1413b4092f325830a8e3c54bd3a8970c45,51988,50848
3L2oXR2qJo83PwRsnM6jtxf72fX58zhAhPg3rKYZRFhB,0xD41640f1Cc2A38728C1cE1bf327261b36354eC2d,90323,88342
YWYuzNWMdoj9KLnyxacRpiEgdsxfMPVhWxdYndH6z8a,0x7e005f46ee8d6f43eae60d95ee47ff3a0e61d3b5,6468,6326
CFddiHLW992cCHo9PtnQXrKDDts2u4bQATeBJFyoJNFb,0x307022f47C656Db6d8F63950b407F0f6FBDd6Af7,15068,14737
8c3o3KgT9UuM5g89jYezLss9DxNwKX1wnfjG59CCAvvm,0xbe12a2f75ab6a94a531ebaeb05105216f501461f,78951,77219
ApoCT32oa4SikK6wvqHJ3soQLhRAyDVXecnL2kSAWaBT,0xA8f16B7edC0eAC740A7E341dd47FDD79657619A0,31654,30960
Axb83V8vMiZUEeEvHFAngwrnuQwxagCLRstKZRYz4ssq,0xa30885ec86270bff4184fa7d1f6ce41f109f6395,136291,133301
7REt62JKupxcPFfpPWSLuaTsAgkBHmfF6HSCv4f2uLCa,0xa30885ec86270bff4184fa7d1f6ce41f109f6395,33586,32849
FjwRxYGnXHaP77gc7Qnu7Ue8oM4M7WYsyJKm4iyyCb5z,0xa30885ec86270bff4184fa7d1f6ce41f109f6395,11008,10767
Cju3xDZNvjQXCWvTbeiUTQVYHh2KsJn618i5bPqaNK8e,0xa30885ec86270bff4184fa7d1f6ce41f109f6395,11062,10819
Dnzexz7uZTvKSCTS3W2FBfLiXNLUfhs1AsFQsu4DC8CM,0xa30885ec86270bff4184fa7d1f6ce41f109f6395,95578,93481
ADsbqCp6oNbyAy1miMPyZbarJFbw5qrbHNc1xNwexJwb,0xa30885ec86270bff4184fa7d1f6ce41f109f6395,777,760
6Af8CtcYHHi8mBt4sncDDepXaXxNUZoEJD2iLAMb3SAU,0xa30885ec86270bff4184fa7d1f6ce41f109f6395,124964,122223
HXvKQtmsaJEbqmwtYLhwtrtcw7CAR25GhX9VPzhjUyLm,0x64b76f0dccd2afeb8f9cd6a08c053f9730327833,11974,11711
FSExkGQw2Mwfrp1SH1oxa42UhUkbcLQdQ3DkdLzhcL3k,0xa30885ec86270bff4184fa7d1f6ce41f109f6395,22879,22377
AyqUi6SebX79rp5DubZrD2bcR4Y7GwnZhERMWke7c1rS,0xa30885ec86270bff4184fa7d1f6ce41f109f6395,60890,59554
Fywn2mrEL5aRHNuqBJCz4dLWsqLTpr18tANrJ8NW74wn,0x572e7ba5dad9819b094c4602885dd28bb650b7e7,30588,29917
Es2sLDvhFM3NGGnTPMiyzEAUrxqgmsBpjerAeQnDKwBS,0xf52879b4ccdc80ac880beffebee3ebdb1c3aaa3d,24390,23855
5z74rpVQwxfGndC8f5SsjhnmbRVT4n3FMtAERyaPsuo2,0xfd3c5034a2f17991c60089ed78a96a8dec6a1f0f,4083,3993
6KYENvrKuRQi8rfyWw277vE8Px2zH5ZSCGAXkk41hJJs,0xF61F41d7DC73d7CfCf53d93AE9785Be65673dFDa,34663,33903
J4UnETXrdUEaTKpCDbFUrJ66MAZd7bfQKErZzbrfFsAV,0xb011dafcb3d2eba6983a32a1b4d79bf6a8b07986,350357,342672
AjFcWmfdGnWLBHy3pfWbGgww4gyUXjMcs1f5vHwWE9AA,0xf3940f84b9d8bf08fca9bd5ec809065bff25ad63,414048,404965
JTwcG9pYDeBx1DzKc1qsY3v2gisZboiAtKYMmpq74GJ,0x8ce037e7cc5825ff3b93bebd24b0366c00fd009e,136655,133657
DuF7ryPgyVCjXk6gne3dbh2KgqSssxXKcakT9rLTZAUx,0xfA5d527b697d745D5e846CdD8620e75872F789C6,20312,19866
J6u7jAe825xQUSHSdALbH6EHSxMVPWyJMyEd4ym1CHx9,0x00ABC7942f5822293646681C0a68CC1231cc682f,928889,908513
5tiUeujLpNHKYoopCVcMReeGt7x7C4ePLzEH8UmhkcL6,0x472483AC31851cBfa0D911B7E283261000e34E0A,37783,36954
12drNsQNXPEfaJeVow3KFGqYtsTGMC2mHUXeLsg3YkhT,0x472483AC31851cBfa0D911B7E283261000e34E0A,30072,29412
2Z9EQt8VSZ4Z1SJyPLivcjrdjxs9KJrMchrhj3WPSkNt,0x472483AC31851cBfa0D911B7E283261000e34E0A,16872,16502
6gw3LbrevsAHJEcJvZzG9gab9qRuUZRHSapPAPyQELRk,0xdeac77695dd1ab10b0d84b0021f166aaa295ad72,1139792,1114790
9wrEVfwcEeF2Qc1mEko2FxsnBXwR6V8fz6xrAYJdFhVY,0xD015023305DcCf8c7185fe9563CB31C8176b74b9,8472252,8286405
C1RnSMUMnnSme1G4wrf6DkGDXRMfCLWuo9kNoNfZvbRe,0x4d5C86D6f9D2132dae224c2a7A00416d074B53D2,31812,31114
6XnLXCePYqXdZB7iRYcYf7zGRn1B11gBdscHTg5ZWxCS,0xc0d3FA77327A15c90b071717Cc669627402A0F7d,8907,8712
GikwcktSWbaHCtnM6WioQxyBzn8MkGdg2TdjgH6nmeZr,0xc0d3FA77327A15c90b071717Cc669627402A0F7d,18489,18083
BjRP9QTBh8Y2Njsgvcz1btscKwvRvL15FTXsGK66Sfxb,0xc0d3FA77327A15c90b071717Cc669627402A0F7d,16709,16342
DQ98scHcCuKLGJVgpXs58LzRJy13zencx3SjYA3t52EP,0x1D622c4b48B18628D2bEAAB2B73d6F463bB829c2,1241,1214
8MtmPfuPWGNZYVgjoMu8Ffa4wppyRJTRZ6SKQsfbee9t,0xC7037680dB9Bc95DCCF7616Cf413aD798dDf9d86,26524,25942
2jwXkxQB8HfCmCCwU54YHMqRqqh2sRRQRJGbDUBB61Kv,0xf6C77e1B13b7840F57E861188fbd2abe36ACE28d,27450,26848
54zSvqZ13scsyH6tn38N9M3vWBjMxqRpfsM9WqoLjYnz,0x2166Da35180ba3525A2789Afa87e75F2a32e512c,36167,35374
dNF2dfdBeaEuDAwFG529vwsYyPMdQ7K1qsQsGpw7GkD,0xe36288736e5a45c27ee6FA2F8d1A1aeD99D3eA63,10012473,9792840
C8ej3mYyCqA6v4jRQVPeg1NM7tcuPyLUQ4fq63SCh6zD,0xe36288736e5a45c27ee6FA2F8d1A1aeD99D3eA63,9465458,9257825
2NkcmNsb76EHUY9xXeuqUiv8LSLHpvFcPrgRSbk1KC9V,0x3c071745A0706cDd0723379eD6938964e8cCD95A,75286,73635
4HuThVPk2p5mmGDzAGWvvdm42LQyqpcUAYhJ5PpGh3sJ,0x352d40Eeb0dcFeeb199fe438A0AbD367e3fEAb9E,20458,20009
6mLG56d1cDkF8NrYJncbRecN6hNs8BFBHNuvuXkf4hmR,0xc13a36d61C17E7FD94d04c5a5Ad5A3adcf0c744b,5058607,4947642
8P2NvzLS1uKBKtze5kSZSfj4Jmiq5gFLWv7AQLASBbgE,0xc13a36d61C17E7FD94d04c5a5Ad5A3adcf0c744b,892357,872782
Bjs93sTtdoTZTguMcMwraYXYTZ1oe4kwc13SBEATDqnv,0xc8144354A4e4BC914Cb30D1B61d1752777BfebB7,12788,12507
DYAghs8ycn341q6K83V6PY8vc4j1myFddwbhgCdh44kV,0xa5fe9157e2649a7a1e863c6ad6a79f92f85097fc,78210,76494
2tqtA5FufsRsEv724Gq2Bq668eXcpggU6q4tNcZyLquw,0xaba7102630b63dd2f599b97a5439a180e75cf47a,87718,85794
3czcvhTH1UGF21BN1aGMhEoem4LqS7roQ5JsmgScZJW9,0x0f8bd48d079b97650e2cfec7e66190608a5ac046,12146,11880
5wXXRVfutV2ZqWv4MLD2wWSZR7MNK8GNbagSt3Qrpfw7,0xfE37Fb6b363fe8372415C75e9AD517A9DA5Ed6Ec,1167383,1141775
5FNiVAs2jCM5gcLUy8grbcxGhK9UhTJeGNUXM3dtS1oH,0xAF8Ed10a923F21133404BfeBfc33c92a52100ceF,105546,103231
7orDv7sB3BcAsMQePnLRYSzJnAQyk2tjSPhpTSK8Z9bd,0x1fF52ba69c1A7cF15Ee3F26B5d77d7e52B5335e6,9736,9522
9zkgoY9g6pEpHqAckzmP4mhFVzn6N8nukzoUvFkRDhqt,0xbF66030C5B6BF2D957c780F4b0813fbce10b115e,59871,58558
C1o2U3EgMYZAh6jPdiq6eJaiNy6zHQQbzKPkHFhekXFt,0x2C7b12EEa033C427A2254C1E8a108eC1F8202810,18149,17751
7s2i9t7XrDg3iJajMtRPBP9Va8jjxzX6MdSvdBqEfyuS,0xFa79B7762de5AeA0DdaF4FbecA66D97922f7DfeE,10241,10016
7oYWpQe7Dyjx8fUmRjvS8CdeywN5Z2rBTHj3WNSQuh6B,0x9517a9171CCc648e06F7006Ea53F87e5a976e76D,22480,21987
8KhTwkQ4sT4Y8VoiDFrx34Xh1p8CtMBCQGmHzrm3c33f,0x298553400cd25210ab5820a0cbdabad2cdda068c,725973,710048
5y8pHK53pPtctAYCGwJZw63VJrqpeAcvY1UbtYe4SrDB,0x3220b1009b46e253AB083EeecF7e5a679e4f45c8,3345187,3271807
BMefSLR2seB9FSMbXbbFcjR1V7z2SSQVULcjS6f29owF,0x57C033E215939f104fdaB2e134E4D9E1AA5d1B81,1463161,1431065
B25EKyHSSM1Ajwv94q2A14eWoGocjk2NMUGD9ifPeCLs,0xF43948cF983b9B44c2AdD73a804775f22762E700,3448110,3372473
6tVtdnGB18fyewT1oLPTFsq6ogVpKMUX5QHqjs2TZpbb,0x3Ff1F00ed9bE1c7c61c5A6A3dFA3A94f8C1a7522,1468107,1435903
D3ZCmhWKTU8qRnX9X1ZZuLcEnAVhvXaVvTiu1AHo3KRK,0x0A73Fd5fd6ec415c4E9694c1E5E4d1238Ac767B0,975998,954589
4Bvu9CJ45kqcQxqXZcY4Mv6EHtfR1AqiVRxiZfSUBN3N,0xA5f3ab2f016bF360D8F58b29E48B2b07EdF9296A,2973,2908
DZXoM9kPfdbA1gQjxXojmBuZuef6AD43UEZoRZRV7YES,0x5a5F0f6A392da9C5AE59A2E81a1bf8DF79aD4373,153386,150021
22fkpHGEWY6U2EkpcP74hWbYY71soD3TGR4AiwxHZJAe,0xBa08eB5D4E94Fe9bcA4e15362f619bb6293628d0,1263365,1235652
37cYtWwUaNiALgc1SS6HfvHQsXkkq3fzaD7NCnLS7cKN,0x4582c745e45CeB6D88d3c35134B0FFCeBA46362c,133000,130083
J4cJfVUAos2Uufv7myDSer1ayJUKRX7EZCmXQ8pHott2,0xbb42B840d8262862687cc5cdF703F00c5CecBAb9,2638539,2580660
AUjKc4mp2atjVJ8rnEtSREYwMTCfMK9mpVFdHWezXsJw,0xC688859d8c237Ad5269c0fe78a5eeAC973941f2b,1850,1809
9PjhMpVaWQ6DhAC3UWQZVYAfPquTJEWUZMsvCDaKGAbX,0x7488F9D090347aAb38039A7d2e595dAAfff6D3Be,307088,300352
AJzqiHEprV1wb3mkq9WmJBrnqNTdbePvGgf6s6ND2raG,0xd881171c48e5d2f1e54eabfae26023e238d6fe6b,185278,181214
7yZ16yHpbwfHmqZtdjwY6ZoRGhXqTCoMcwYWWFZiEfo1,0x6cd8103d21481ad5e01abba46bfd155bbff50571,5594,5471
G9xHwahtcmVM45B4VC6pu8EML587JJfHxw6bdQmuUVf1,0x6822C1C54ed42CeB294A46B855de75E82f8F98c5,7606757,7439896
GRs6EMMrNWWdft1im6ergCt4ExvumbrJBdXTNryGj3CQ,0xFac89f6c3Ddf6BDBA44a35A0d33c6B74c2BCFe88,13471862,13176344
6F7XFFE7coPEbQ5DwUxLTjwXKsgyy1HMAhJxmAZzuNXq,0xF83F89F98343C2cfa41Ce501aEa5847384728553,7328119,7167370
siJemo3U6fp2QCtuPV7yQUZN5jpU2t9rmfGVFe1iLQV,0x2a977be2b976901Cb77bCe6Ab25260dD0103732A,31901,31201
DhADpnvFzeXK23rGWs1aVvGxSQN32KQhqiQLsxZS28my,0xB83B344C4994eaA93769C7338DfdbF8859da5200,146002,142799
CQ3NdrwpqnFvzqvr3XReuPvRLQE7sTiTTSia4AgCtQef,0xee38A8ACb4253C73E2Cc71f85ef3DF1247Df56A8,220193,215363
BNMbisnaG5E8pbseEVJW7DYCFxbWiiRgTcVFLqQ1fkeS,0x8aa9050Ca049886Eb35f281F638c31c07661eD6A,410037,401042
BJcqyezb8pBsFShzjG7hAUg8TpWevw6EjTLoMYXDyyrP,0xf1A11Dd04A2DC1E0899cc774cB5Db1f836BBC009,90275,88295
6twLKE3HC9Sqi98gGK8jRnaV5zG99oiqjerM3xmJ12BW,0x3DFe5755b77071046B8A4795392B393823013fbB,52087,50944
5yyKW5mWfA1AZxxN943PtETQTq9WYmBNsAwL33qNCvQ9,0x0c5c2f7cc62eef5e921eadd5e59e232fd85d99c4,3638462,3558649
3EgAnAbECFadWyy6JFAZzKPnNzEYLb3vnQkMhv714c3Y,0x3314dc4e7e057a254a865d21c928db56c3345c78,203140,198684
9y3t58eg1XGWfyi1GLRQu2AZxynGFBvUtE73xKB8rmeV,0xb9c14ca7b31aeb0c183a26937e2da1a5ca1e1b7e,74516,72881
CFAVm4nxv9duc5o8JBMZsbGjUzL4SdECD5tu9ndBfo7f,0x308C78c551A753e21D817a8E1eC592B56073765e,175822,171965
Gidys7HEAD8vo8vC9oY1wsmtvR16KXAy1acirD4bbFLj,0xA62aCaAF011a89641B88498062473373f7b7c047,113222,110738
8CPTtHpi7dUbVxVG8rg2SLizcDGfkFFzTikP8xWKZ5o2,0x3d1140c89d57c157e312d3ee498901831888d359,113260,110776
2mNq3AhQahJ3HiJVp7w3jVkog9Q7aSaXwYZXUhTxaNs8,0x730eB1351C49B4737DE778DD91035Ca5dD466aa8,1941034,1898456
3aJPSeRUebqA4HowMTHQn2hQwZG2XqcM2w9fQJCYGSA7,0xa5cb7973b89033af5eab17786c7cb57a53618e6c,3575,3497
8tBWWvRG1FWabBeUtZ8exNBu1NAexJTXV59jcy8Qq9EU,0xb241420651f8297aDEb4612A2127Dd3e6997a130,9592,9382
DptVWzpAoLQpyupQczwA5ZWT48rLfQAQnyVaGyGeQo4f,0x898ea3eaab6cb6bc2ee46316577ec7268ad7fb41,117738,115155
7Ko1ME98xQPRo6VgAwn5HnMj9PBEPFXJwCf9WVgfjFpo,0x4212baac8ef38346cef4392332fc2f9a10dd2dcd,24371,23836
6g6xHAm9bztYn41Wr3f6kawbEcXW1taMRkEVDYwbjwjx,0x09c14a9ff798cec9ecf6c80c9e70225a1a9e27a4,413620,404547
2E41RLK14D9E2AKeTM2GtWxB3KJr2pkeK1aA4nWWFoLP,0xda8c6ff2ff6e181e305130567cfb52927e442ad8,15217,14883
2ycfVcXcD7VyH26ZAEp9WKqfEeMEvnWztUbzNvqLaUM9,0x548724f1c2FC07d1563CA882783020f4628961C4,1374,1344
4jGdpuaHFaEr2SDuiNnFC2f6EYEsSo7SvBVr9dEvoSNp,0x240448A6e029d4747692d92Bf832D6e076c1156b,187686,183569
HZeHhrXg69BmsgtYcAk8daQBu1XKiazeq7veCjmAVPYX,0x6a3496bdD4B62e2d5326C3Bf5a655a93b5c5EDd4,50627,49516
ECrRfhXgvuXkA6M7sT3obaUWr9qQbJZ7J3Ntq2U3ZRNR,0x6E34aB3D625291429e70809e6C78c9389E396218,120515,117871
9HwYXjJikc5ZPFCyazEdT4jpj9A4VA1oXguNsx9e7dXu,0x467fbc10f03206b72D99FEc33497e8349aDAaeAd,100843,98631
3JQwUuLUGhYqJNCVbcJVZkcfirtDuZEywmHPQ2CvpqdF,0xD602015301F27aB83C86692aBA077f22014a3a1E,38098,37262
EYC9EBhwP9Qzgd5fxQcMMes23nJiSkR61gRaH6NkuC7o,0x7c8d5883545991ea198e090f58ac9f6c5d5d970a,2593720,2536824
ENxTZeSvnx1hxdPnbZg6fNCRCw581muxzVbxEiPNe66p,0x62B9c7C14386E2e3192B7830a863adDeA39457a2,81393,79608
12mxPFS14X3i1AGqBsRLLKGAT9uXm2dM8RMDQ23ZWpTR,0xFceee43481A7b1fF73c231dD47047c857dF1abA2,75352,73699
5WtwJPPDVQGKyKaZnMMbG4TgGKC6aJStGhs7RnCy8PKL,0x3A0AA58D203E33c239Ed4Be37B86683d9e699cFc,346138,338545
5dBqsmDXWy4STnpFcePLAAcCJLPC9pLMyiADUFirdDkg,0x31C82eB30303a6D6ca18AebDCE79fD6aBA9EF884,60476,59149
7S4xWfY3ze9FRC4fQ4U5x3y8BHk8rRoNDqStVca6tR9h,0x24a20f657fbaac822ec108540db49f5da58879b8,40754,39860
AnxDLtEMYGchbX8d2AS4CpyjQgEetRpSgJqhV4fhr4Ep,0x24a20f657fbaac822ec108540db49f5da58879b8,3909,3823
DnttomU3bfjKGwE1qnEbxdKuEezaGy6Jvw2G9Xu8Jbzy,0x979839a41247573C94A344B582d1faE104C0845e,1171,1145
GMHj9fKj7RKf6pm7nV46LgRnZPLFParw6d1kgGkeK69G,0xabA3D992f6121eEC2A8328Df30616C48866822ff,13805,13502
G9MrgC8MhzwbyTf9mgbb9dcc9Aw8EjGF2Z6RPS3phFmS,0x78316007b7D3f62cfaf566E1e80e66E28ac6b918,559999,547715
B3LWRfuEafUGWGXUG81JPz8TA3Lz77Pr1yPxW4njS8NE,0xEBA5B11bE218161A69313c9E7ab100B3b6fF5870,148003,144756
BUduHT8HhndCyHBLzmR1oFkf2oAzXQ8tkEGdmT41Fv9M,0x20977dd7a2B06947631075b4553644a2927Df250,6992,6839
EiDrHjCB42gNo5svudCPA6zYLJgpSWcCqoDzgciGMmaY,0xAE76c111e5AfD13a15b7A5A3D9Df5ABD29728A68,231,226
HwLorX3mezcp5d8R2N287eF2DvZTj5NPWSXh6wnXWJkP,0xbAa7eCE5ac40e67E4cA478C74F0505927D670B60,3618,3539
CNYy9k7opkv2vw9cXrNLhyD9RqR4r1PSaZ9XoNqBcJSy,0xD8a496dCDEb2F86C108025499C2d293910Be93FA,789791,772466
Fo3v1Fb9cinovqYDoaUavGP8cCFrhytHt4aENZDUQaZA,0x7dA834Af3Bf41eB743De443EB0A5ea1b20d0CdEE,371975,363815
J4VrG2nKnHyrGEXcT7xMm9VQf78tKZCZFxJY5Mked8NF,0x8ffcb65c25fc51651b8e199701a8fd972e3aac20,75666,74006
CWYfKXt151PeLeyaUGSXEY747Cpjh43N6FJpTUogc7cL,0x430CF2854A9257F53f25B024551c6f69ad4bfCC8,15325,14989
6hzwqPxybNdLqtpkGxPQDYNhAA4S2mT89ib3Rb4wFc6Z,0x6bc487b41907dfe6CCA855DC3bB27025A0350E48,16065,15713
3XCxAkySXsVPe6ugdFYTkxwGa7pnuBUL4mnRv1TmUv9T,0xfabd31699d2183ca0d6cd2042dc88d0fc2d63ce4,17208,16831
YbK66q6uLVB6a6fkUEVeuy9Qgy89Bv16XU7eDRzMc3V,0xb8229Ab9E8A5d79D9cF7b5902295075CF6DC8275,463536,453368
2cZM1JPqD1FR6V5bmCsXw3UHWmPbGxS1qBCAsKARqHv3,0xf0c9f2d4031fd8b65921e7ddc73dc6a74fed5d6a,2293,2243
J8trWBYkNHu5fWEmoa7CJU2rwCCLDJ3ebx711TBSii1x,0x501370235B386d507384DbceB1F7bF1d57276B3b,164949,161331
F7wZqisKYp7Yj17ibCfCrecmBHhKUHTehAFZ6HrEXBgV,0xD2F07000259CD33A5084172e5909E7E7CafE6B1f,676744,661899
GBe1c5DF9dk8VN4YDEhPdhemU4vgg4wefCXt1PAs7A5S,0x5Bb51862b0996ecBa63e5d48c79cf15776452787,4630630,4529053
5HxRmLJSb5oSHZRBQ1ePu5UifEXow3PS9qhEwdDXWT5X,0x5B62701B9DE5Ad047584343708e3C15e610367d0,3178782,3109053
CMmauGu115CE5XF3HMF17Eky2Jzk8LSmswzQLRiwZ79,0x41F9d99F7d7D49B144e4A6c1cd90FDd570E3Dd65,3384973,3310721
GzNzsYmYpS7RCBGa14txdnU7C149ovnaHkcWcSTuNgoY,0xE17a145F6F6E5B6A067A0B947Bbe1bd90547Aa6E,10812923,10575732
HVEPXUddcv1NrvZwJQVnqun5S7enGjgo9FGDpgjj3TkV,0x00BDaf8Aa233d1E8deDDcD6e66f15f70c799d5F0,3542312,3464608
7zgF4bQ7a2SHmbqQ9a79Mz65dCyrZ7ATYf6SknR2mSLY,0x07Ad1De52AEdEC43f2bd0bc0205De8d2Cac04d2E,1373408,1343281
FpdWDgruGhvW4KRe22YfMy3H5GgtjR3tofpNvuNrucfz,0x60C2F2a963a32C091C8e56f14638f15447125305,751985,735490
4qj5QXv5D2dXMc37in5tVKEYt5Nn9jZGWHzQi3f1tdaF,0x238aE9129D3384b9F32060F5229E37a33A3B8b15,1125600,1100909
3g9a2nefjLyC24EoLPu28wD56yvvcHAyTRBScLYcA1oJ,0x0898BCfCEf71479d426a0189fF4c1e6067Df6F59,1000119,978180
5p7qsjSueEeD4tnB6mn8n2XyWqaoteKMR8o8K8Hj5XYw,0x7aa5728aEd297bE1d48C13F3f2D15B0eB58841E0,75187,73538
5GXKaz6kvyryHEpJiGSMx87DY3CTGhDTzn9Jn9oK8UmK,0xCEee2D823286D8aD246087e35EeDCfC734e3fC0d,183717,179687
E9tHg847rAtfEPCvBuaD7aBAEQVKxE1Fn9Mce7sMg3ji,0xDb2EAc7A92B69ce14A9d2eAdc6a1937ea16e3dE1,7318,7157
4w8XVD9WWF36QbTosXth4osFoQwxihPCAN8DxnRe52mv,0x323de3EE0CD3cCB39B7Ac2B92d105eec33B507C7,71959,70381
HQ5yEZz5QPjqRtjGrA52y8vJ8NU1KSsjP1jvbwLcrhik,0x5d86d190B3eDfd32313F94e8549372d3a61eb6Ba,246575,241166
3tS9udP4hhGZDgXnktThMwW6SFjy6DiqWRTzfHE7ivwV,0x5706FC870ba79DE07887265354dE9913F311ca27,9445,9238
9Y6j3Cm7K162HEPVbNif4MKpnsCagpAzJtTLjSU2qQZP,0x4dB7a8A2273296aa4AE67Ebe572F30F7aBe4fdb4,512164,500929
7D4D6k3RBxU4QoB5D7wkDUg5T9ixZ2RHTFrjEQChoLYF,0xECF88d3C7FeC060fa5e663bf8218cDAaf43b21c5,33247,32518
ApSUSJC9y5hhMGzcUT316ZkLXQ8373N6KdwYRjX7Ekf1,0x3c0862c0881a90c89c3517fd52303ca7b996228e,259,253
954M2RCBrQhWHrZxxZDKU4sWXy9pToUkZ4VJNfP1HUKS,0x8C0159d31c7aD06ACB26D4fDDFDC44F6020c5468,118859,116252
Ee7ktRU5cN7vN2aPmJ49PmT1ebsvFgPzHHiNkUyCHyNd,0x0Ffd670749D4179558b6B367E30e72ce2efea28F,5096873,4985068
AGekcHhF2bYyr5qecpWZ6YG8Poc611JBSHnm155kkrtL,0xccFE3D470B9dBf46b2CcC74b8e33f004b41e1344,40771,39877
5ivEJUnuC8aTGHLVNNABu43BjmssybwUq85Dt4KLgUZL,0x93a8ab70eb1e92645c0fa3e4da33df730f0b73ee,6119,5985
EvLVbin57SfNZJrCYQp2Qdv9K789d1DFhCjfWbwa3WsF,0xfef4ddd80323cb6e93efd83c64b6d22eed553fc6,777,760
C13DpKkGAqb6dSWoPXkBaWJpmaSP492y3ssvuphXArtr,0x2432beFA95D7fDc14c6c19EA930BEB288385b752,41806,40889
4ALxRNsFRWEJXzQPMtYLavJfUjmYRqTNLzbR5RhBbw5S,0xaA046b8944A6aFDcD700e7aBC4e919A240e78079,17105,16730
J6wTnEGfGVrV96zpYhu7weP3ZyWZgptoTFJCVsaYJFj4,0xD166A20bE98717785f7DE5F2dac4baC63C54E002,11826,11567
GvShAjbHxACv1T5LseK2XtZ1Lfx5wiGFW96FrbCFvybi,0x0f653ae69D184011E220878dE411eb24b27b488d,46375,45358
83iUPzgR2E4DaYByBrQLgoHFHPfaDR1uwYgujaFUXsd5,0x0f653ae69D184011E220878dE411eb24b27b488d,57036,55785
HUpnjFq6Zp8tdpavviRW8bLW7L9V7hxj9DrNnCXXoMFA,0xCC1fD506c2d8ADd58c965F0e11B1CBd06F4bF229,302349,295717
75ajQgMYkz3pJyhQakefSHAFEs8EaYm3MrYVg5ugApcU,0xCC1fD506c2d8ADd58c965F0e11B1CBd06F4bF229,134163,131220
5uF8zqz35SM1KGXWp8wMcYvX5fBHd8rEnaryh55obRhQ,0xCC1fD506c2d8ADd58c965F0e11B1CBd06F4bF229,150579,147276
4gHJB172mP4ZUiaGNzVtGHmeWPf5yZH75Cm8zbSkGkah,0xea5503506b02eac45914f76c6016b0c19f7ae035,578420,565732
ApgxwjR92ZgMKBLYZd5QgqvvhY3AmVtg39cVm5ZNHhPG,0xE5022C8f9fb748F04CBDFF99A4aFB6E63daaCBE1,18569,18162
HqDMBDiQg9efsdjtDBnaDKkdbStg2geXWR31jXhptgoC,0xE81e760248eD4BEE855b2d7469c5936F923D931d,1664573,1628059
D9kgad8wEeW6f3g9NZqraQjo6qbFMfjuvc5osNzKXBCy,0x48658eA6bb687841f7FB325C478b8e0f7f76ED73,2033063,1988466
WeMHyJFnXxjV3YBniwHwL6BnkbyZ3gFLZYuBkqCToLn,0xa93F854bf47f8ad9714Ac7c5fdD2A13bB295d88e,3645933,3565956
HWez9wGaL26BEtR3foyFPCHw9YYsvFfReyySMvpNnDoC,0x6e7541D5196099f885915B828A512779CF858D3f,467334,457083
8djRBVAAi9zd5LYKu9S5GwN85wNCPX8MN1SqbqbWfSPc,0x8DD30e6790EEf8e7dEaD66B97771fD9eBf127494,10710035,10475101
8c6BWUsPCFc1b7NYwCMmNo76V9ptvFSpkDG3vERSAyPZ,0x4a381781449219dF650Aa5BF3d2aa23d1fB52903,170331,166595
qtPY3txmbHcPURAUKHEEd8h29Qr8o9c5dnLF29HraTB,0xE7eB31A79E00912aae8B2a290b3722a447E3938D,29132,28493
A6HXZBGKFa4t8RS6RfMvjKfQ7xy93g3zZ2eSQbpQ8f7X,0xEB80Eaa349dd5da8A46B8F4B09986ce567bae5E1,15034,14704
2Na47Z9sx8ZeMonJamiJQE56JJiyWJtEhmfkU8axVUUt,0x78bbE52E925D184Faaf3E3a4cE555d1f8EC58433,1036874,1014129
8agfUAvExwaTSFWSkuxXvrBNrweQ2mgzUazcK9ALfFUh,0x84422C8A3C1B1f9304E39570B3e8F17921dF2A18,251637,246117
G6eyGiovgWt89ejSmnZaiYxQpBMUiCkfRAwXsUjBukZ3,0xc4c758961d03456cbB70660a4e624F20527b863E,284159,277926
AzxD23uxtvnC8oSLoU1DNjwHUx1SNKnYx1PuaVjbF1ud,0x370669252985A7664872cBb76D30e397faA4442E,4617,4516
5yhKdjozePnxmarNkQmdfwGdUhRYuMahCdzZTfHyx9vh,0xB504824aAa2e107f049f4207491767fD31f83A47,160701,157176
